,mae,rmse,r2,mape
fold_0,11.513823677316516,18.276958332378,0.6215568987284443,0.3909838560571175
fold_1,11.607124689133029,18.459098495820033,0.6088401250820437,0.3984992339181813
fold_2,11.789349818683501,18.665106903810468,0.5686611803127354,0.4349185512353552
fold_3,11.570317799874484,17.131065897480838,0.6237693606488051,0.39594263633206656
fold_4,12.04200866244581,18.8212880489528,0.6071727535336999,0.3872981054674541
mean,11.704524929490669,18.270703535688426,0.6060000636611456,0.40152847660203494
std,0.21503247422089772,0.6695153196411125,0.022143827542142697,0.01916355585376959
