{
  "lr": 0.09840613095376856,
  "weight_decay": 0.009568463876568583,
  "batch_size": 256
}