,mae,rmse,r2,mape
fold_0,14.073357385329425,20.70009361138991,0.5145579778196524,0.5002505369419858
fold_1,14.216490961315381,21.663770556699152,0.46123246397287154,0.49367304667837947
fold_2,14.637324253248897,21.148161727038158,0.4462639121055756,0.5227183562972448
fold_3,14.195407962553828,19.27888346692685,0.523515096230766,0.4939212044706376
fold_4,14.219281572969734,21.171223162181132,0.5029560178536326,0.47903696585325817
mean,14.268372427083454,20.79242650484704,0.4897050935964996,0.4979200220483011
std,0.214814878484414,0.9122243149938158,0.03403746470074744,0.015898001716169577
