,mae,rmse,r2,mape
fold_0,11.956159019583952,18.93989394297563,0.5936054877153443,0.3773901087159706
fold_1,11.87667724973898,18.91229701634688,0.5893972214712061,0.3907113587969512
fold_2,12.29406539181122,19.130636349572445,0.5468766786947193,0.4231414254944513
fold_3,11.730694643400508,17.283388704783764,0.6170490211140686,0.37232416636743226
fold_4,11.996707982228642,18.844002847504,0.6062240005918693,0.37947705692968764
mean,11.970860857352662,18.622043772236545,0.5906304819174415,0.38860882326089863
std,0.2073015625001081,0.7558447769197068,0.02676688217374198,0.02044113521313988
