{
  "learning_rate": 0.0031576750339684925,
  "max_depth": 10,
  "min_child_weight": 13.572864586192024,
  "subsample": 0.7231438782369801,
  "colsample_bytree": 0.5389361139914841,
  "reg_lambda": 0.035491882918287185,
  "reg_alpha": 0.0062149133137044885,
  "gamma": 0.0027172492196518923
}