,mae,rmse,r2,mape
fold_0,11.566085058575098,18.30940026471107,0.6202122196427579,0.38714262290512585
fold_1,11.66346587827679,18.631001541566164,0.601520734878127,0.39975078356114635
fold_2,11.85744892198839,18.77971989476229,0.5633476488754927,0.44006048107619944
fold_3,11.579717339371811,17.182560926912124,0.6215041044696009,0.3868898787895836
fold_4,12.035541840732293,18.743859706090614,0.6103981862436403,0.38345887243901394
mean,11.740451807788876,18.329308466808456,0.6033965788219238,0.39946052775421387
std,0.20182456378318878,0.6673020591433059,0.023807070106063262,0.02352788465985881
