{
  "hidden_dim": 256,
  "depth": 2,
  "dropout": 0.2,
  "lr": 0.0025258191833764034,
  "weight_decay": 1.0290546944770514e-05
}