,mae,rmse,r2,mape
fold_0,12.183588582828206,18.942053737707557,0.5935127967240552,0.4081716595379231
fold_1,11.839753635681735,18.485542122513085,0.6077186082703634,0.4123451628728973
fold_2,12.193892508514168,18.866372681005956,0.5593087775262019,0.43669651191618375
fold_3,11.98336841342132,17.233051240413065,0.6192764442192782,0.4247223322349899
fold_4,12.381723857459576,18.942447034665104,0.602098951813653,0.3948738547919882
mean,12.116465399581,18.493893363260955,0.5963831157107105,0.41536190427079644
std,0.20925268003548933,0.7298255890059698,0.022737710675391837,0.01599487116611117
