model,mae_mean,mae_std,rmse_mean,rmse_std,r2_mean,mape_mean
rf (tuned),11.704524929490669,0.2150324742208977,18.270703535688423,0.6695153196411125,0.6060000636611456,0.4015284766020349
xgb (tuned),11.740451807788876,0.2018245637831887,18.329308466808456,0.6673020591433059,0.6033965788219238,0.3994605277542138
lgbm (tuned),11.785733393915622,0.232203760524927,18.326720164686115,0.6588232649534993,0.6035607130479097,0.4049978464434084
node (tuned),11.970860857352662,0.2073015625001081,18.622043772236545,0.7558447769197068,0.5906304819174415,0.3886088232608986
realmlp (tuned),12.116465399581,0.2092526800354893,18.493893363260955,0.7298255890059698,0.5963831157107105,0.4153619042707964
tabm (tuned),12.150910803406065,0.1782225236729546,19.048268065714563,0.660570781661707,0.5718434558424846,0.3893163713668365
linear (tuned),14.268372427083454,0.214814878484414,20.79242650484704,0.9122243149938158,0.4897050935964996,0.4979200220483011
