{
  "k_ensemble": 32,
  "hidden_dim": 384,
  "depth": 2,
  "dropout": 0.15,
  "lr": 0.005586728257879582,
  "weight_decay": 0.00015939886747885158
}