,mae,rmse,r2,mape
fold_0,12.284986319453784,19.015790748535462,0.5903419166305253,0.41436337603625656
fold_1,12.037452528173894,19.540447680529397,0.5616688417947917,0.38173368050507545
fold_2,12.318827143793099,19.242054562890136,0.5415832626718056,0.4341930029706587
fold_3,11.89815790211081,17.930624663375077,0.5878301420128087,0.3557386108486959
fold_4,12.215130123498723,19.51242267324275,0.5777931161024916,0.360553186473496
mean,12.150910803406063,19.048268065714563,0.5718434558424846,0.38931637136683656
std,0.17822252367295463,0.660570781661707,0.020324663005760614,0.03410846124622984
