,mae,rmse,r2,mape
fold_0,11.561362715716854,18.336661281332752,0.6190804394123653,0.3875558095918639
fold_1,11.620889125511745,18.535107387549516,0.6056121406340973,0.398387582474671
fold_2,11.990934398293973,18.733901842693196,0.5654757055926921,0.45204100747574233
fold_3,11.678842786004875,17.198109774315327,0.6208187773225735,0.3994729001258215
fold_4,12.076637944050667,18.82982053753977,0.6068165022778205,0.3875319325489434
mean,11.785733393915622,18.326720164686115,0.6035607130479097,0.4049978464434084
std,0.23220376052492703,0.6588232649534993,0.022382912011459546,0.02690986073525004
